<?xml version="1.0" ?>
<ruleset name="Common sniffer rules">
    <description>Common sniffer rules</description>
    <!-- PHPCompatibility -->
    <rule ref="PHPCompatibility" />
    <config name="testVersion" value="7.2-" />
    <!-- WordPress -->
    <rule ref="WordPress-Core">
        <!-- Exclude rules due to the fact we are using Prettier and composer library coding styles -->
        <exclude name="PEAR.Functions.FunctionCallSignature" />
        <!-- Squiz -->
        <exclude name="Squiz.Commenting.FileComment" />
        <exclude name="Squiz.Commenting.VariableComment.Missing" />
        <exclude name="Squiz.PHP.DisallowMultipleAssignments" />
        <exclude name="Squiz.PHP.EmbeddedPhp.ContentAfterOpen" />
        <!-- Generic -->
        <exclude name="Generic.WhiteSpace" />
        <exclude name="Generic.Files.LineLength" />
        <exclude name="Generic.Formatting.MultipleStatementAlignment" />
        <exclude name="Generic.Arrays.DisallowShortArraySyntax" />
        <!-- WordPress -->
        <exclude name="WordPress.Files.FileName" />
        <exclude name="WordPress.WhiteSpace" />
        <exclude name="WordPress.NamingConventions" />
        <exclude name="WordPress.Arrays.MultipleStatementAlignment" />
        <exclude name="WordPress.Arrays.ArrayDeclarationSpacing" />
        <exclude name="WordPress.Arrays.ArrayKeySpacingRestrictions.NoSpacesAroundArrayKeys" />
        <exclude name="WordPress.Arrays.CommaAfterArrayItem" />
        <exclude name="WordPress.CodeAnalysis.AssignmentInCondition" />
        <exclude name="WordPress.PHP.YodaConditions" />
        <exclude name="WordPress.WP.I18n.NonSingularStringLiteralDomain" />
    </rule>
    <rule ref="WordPress.WP.I18n" />
    <rule ref="WordPress.CodeAnalysis.EmptyStatement" />
    <!-- Our rules -->
    <rule ref="Generic.Arrays.DisallowLongArraySyntax">
        <exclude-pattern>base/others/*</exclude-pattern>
        <exclude-pattern>index.php</exclude-pattern>
    </rule>
    <rule ref="Squiz.Functions.FunctionDeclarationArgumentSpacing">
        <properties>
            <property name="equalsSpacing" value="1" />
            <property name="requiredSpacesAfterOpen" value="0" />
            <property name="requiredSpacesBeforeClose" value="0" />
        </properties>
    </rule>
    <!-- Args -->
    <arg value="ps" />
    <arg name="extensions" value="php" />
    <!-- Do not require docblocks for unit tests -->
    <rule ref="Squiz.Commenting.FunctionComment.Missing">
        <exclude-pattern>test/*</exclude-pattern>
    </rule>
    <rule ref="Squiz.Commenting.ClassComment.Missing">
        <exclude-pattern>test/*</exclude-pattern>
    </rule>
    <rule ref="Squiz.Commenting.ClassComment.SpacingAfter">
        <exclude-pattern>test/*</exclude-pattern>
    </rule>
    <rule ref="Squiz.Commenting.FunctionComment.MissingParamTag">
        <exclude-pattern>test/*</exclude-pattern>
    </rule>
    <rule ref="Generic.Commenting.DocComment.MissingShort">
        <exclude-pattern>test/*</exclude-pattern>
    </rule>
    <rule ref="Squiz.Commenting.FunctionCommentThrowTag.Missing">
        <exclude-pattern>test/*</exclude-pattern>
    </rule>
    <!-- Slevomat -->
    <rule ref="SlevomatCodingStandard.Namespaces.ReferenceUsedNamesOnly" />
    <rule ref="SlevomatCodingStandard.Namespaces.UseDoesNotStartWithBackslash" />
</ruleset>
